date,site_id,species,read_count
2025-01-01,A,Sardine,305
2025-01-08,A,Sardine,241
2025-01-15,A,Sardine,246
2025-01-22,A,Sardine,284
2025-01-29,A,Sardine,310
2025-02-05,A,Sardine,318
2025-02-12,A,Sardine,296
2025-02-19,A,Sardine,299
2025-02-26,A,Sardine,232
2025-03-05,A,Sardine,288
2025-03-12,A,Sardine,216
2025-03-19,A,Sardine,224
2025-03-26,A,Sardine,173
2025-04-02,A,Sardine,152
2025-04-09,A,Sardine,134
2025-04-16,A,Sardine,114
2025-04-23,A,Sardine,110
2025-04-30,A,Sardine,128
2025-05-07,A,Sardine,98
2025-05-14,A,Sardine,125
2025-05-21,A,Sardine,118
2025-05-28,A,Sardine,186
2025-06-04,A,Sardine,148
2025-06-11,A,Sardine,250
2025-06-18,A,Sardine,222
2025-06-25,A,Sardine,207
2025-01-01,A,Mackerel,310
2025-01-08,A,Mackerel,303
2025-01-15,A,Mackerel,358
2025-01-22,A,Mackerel,315
2025-01-29,A,Mackerel,313
2025-02-05,A,Mackerel,255
2025-02-12,A,Mackerel,275
2025-02-19,A,Mackerel,188
2025-02-26,A,Mackerel,182
2025-03-05,A,Mackerel,219
2025-03-12,A,Mackerel,186
2025-03-19,A,Mackerel,144
2025-03-26,A,Mackerel,76
2025-04-02,A,Mackerel,83
2025-04-09,A,Mackerel,71
2025-04-16,A,Mackerel,31
2025-04-23,A,Mackerel,114
2025-04-30,A,Mackerel,106
2025-05-07,A,Mackerel,92
2025-05-14,A,Mackerel,125
2025-05-21,A,Mackerel,161
2025-05-28,A,Mackerel,126
2025-06-04,A,Mackerel,214
2025-06-11,A,Mackerel,233
2025-06-18,A,Mackerel,253
2025-06-25,A,Mackerel,298
2025-01-01,A,Skipjack_Tuna,397
2025-01-08,A,Skipjack_Tuna,367
2025-01-15,A,Skipjack_Tuna,326
2025-01-22,A,Skipjack_Tuna,346
2025-01-29,A,Skipjack_Tuna,349
2025-02-05,A,Skipjack_Tuna,306
2025-02-12,A,Skipjack_Tuna,247
2025-02-19,A,Skipjack_Tuna,189
2025-02-26,A,Skipjack_Tuna,193
2025-03-05,A,Skipjack_Tuna,148
2025-03-12,A,Skipjack_Tuna,132
2025-03-19,A,Skipjack_Tuna,99
2025-03-26,A,Skipjack_Tuna,94
2025-04-02,A,Skipjack_Tuna,37
2025-04-09,A,Skipjack_Tuna,93
2025-04-16,A,Skipjack_Tuna,69
2025-04-23,A,Skipjack_Tuna,143
2025-04-30,A,Skipjack_Tuna,86
2025-05-07,A,Skipjack_Tuna,190
2025-05-14,A,Skipjack_Tuna,179
2025-05-21,A,Skipjack_Tuna,190
2025-05-28,A,Skipjack_Tuna,232
2025-06-04,A,Skipjack_Tuna,270
2025-06-11,A,Skipjack_Tuna,321
2025-06-18,A,Skipjack_Tuna,345
2025-06-25,A,Skipjack_Tuna,326
2025-01-01,B,Sardine,249
2025-01-08,B,Sardine,338
2025-01-15,B,Sardine,344
2025-01-22,B,Sardine,318
2025-01-29,B,Sardine,312
2025-02-05,B,Sardine,314
2025-02-12,B,Sardine,321
2025-02-19,B,Sardine,258
2025-02-26,B,Sardine,261
2025-03-05,B,Sardine,195
2025-03-12,B,Sardine,230
2025-03-19,B,Sardine,210
2025-03-26,B,Sardine,148
2025-04-02,B,Sardine,185
2025-04-09,B,Sardine,80
2025-04-16,B,Sardine,57
2025-04-23,B,Sardine,98
2025-04-30,B,Sardine,120
2025-05-07,B,Sardine,143
2025-05-14,B,Sardine,90
2025-05-21,B,Sardine,153
2025-05-28,B,Sardine,141
2025-06-04,B,Sardine,163
2025-06-11,B,Sardine,222
2025-06-18,B,Sardine,243
2025-06-25,B,Sardine,203
2025-01-01,B,Mackerel,351
2025-01-08,B,Mackerel,365
2025-01-15,B,Mackerel,314
2025-01-22,B,Mackerel,346
2025-01-29,B,Mackerel,342
2025-02-05,B,Mackerel,319
2025-02-12,B,Mackerel,273
2025-02-19,B,Mackerel,241
2025-02-26,B,Mackerel,229
2025-03-05,B,Mackerel,231
2025-03-12,B,Mackerel,179
2025-03-19,B,Mackerel,120
2025-03-26,B,Mackerel,128
2025-04-02,B,Mackerel,5
2025-04-09,B,Mackerel,105
2025-04-16,B,Mackerel,13
2025-04-23,B,Mackerel,58
2025-04-30,B,Mackerel,46
2025-05-07,B,Mackerel,60
2025-05-14,B,Mackerel,159
2025-05-21,B,Mackerel,140
2025-05-28,B,Mackerel,198
2025-06-04,B,Mackerel,220
2025-06-11,B,Mackerel,268
2025-06-18,B,Mackerel,285
2025-06-25,B,Mackerel,268
2025-01-01,B,Skipjack_Tuna,373
2025-01-08,B,Skipjack_Tuna,333
2025-01-15,B,Skipjack_Tuna,296
2025-01-22,B,Skipjack_Tuna,316
2025-01-29,B,Skipjack_Tuna,352
2025-02-05,B,Skipjack_Tuna,304
2025-02-12,B,Skipjack_Tuna,235
2025-02-19,B,Skipjack_Tuna,198
2025-02-26,B,Skipjack_Tuna,162
2025-03-05,B,Skipjack_Tuna,199
2025-03-12,B,Skipjack_Tuna,117
2025-03-19,B,Skipjack_Tuna,93
2025-03-26,B,Skipjack_Tuna,93
2025-04-02,B,Skipjack_Tuna,61
2025-04-09,B,Skipjack_Tuna,46
2025-04-16,B,Skipjack_Tuna,57
2025-04-23,B,Skipjack_Tuna,79
2025-04-30,B,Skipjack_Tuna,105
2025-05-07,B,Skipjack_Tuna,159
2025-05-14,B,Skipjack_Tuna,174
2025-05-21,B,Skipjack_Tuna,232
2025-05-28,B,Skipjack_Tuna,244
2025-06-04,B,Skipjack_Tuna,282
2025-06-11,B,Skipjack_Tuna,248
2025-06-18,B,Skipjack_Tuna,357
2025-06-25,B,Skipjack_Tuna,354
2025-01-01,C,Sardine,280
2025-01-08,C,Sardine,186
2025-01-15,C,Sardine,355
2025-01-22,C,Sardine,301
2025-01-29,C,Sardine,344
2025-02-05,C,Sardine,279
2025-02-12,C,Sardine,321
2025-02-19,C,Sardine,257
2025-02-26,C,Sardine,250
2025-03-05,C,Sardine,303
2025-03-12,C,Sardine,213
2025-03-19,C,Sardine,197
2025-03-26,C,Sardine,189
2025-04-02,C,Sardine,153
2025-04-09,C,Sardine,121
2025-04-16,C,Sardine,112
2025-04-23,C,Sardine,163
2025-04-30,C,Sardine,86
2025-05-07,C,Sardine,98
2025-05-14,C,Sardine,135
2025-05-21,C,Sardine,154
2025-05-28,C,Sardine,178
2025-06-04,C,Sardine,187
2025-06-11,C,Sardine,161
2025-06-18,C,Sardine,273
2025-06-25,C,Sardine,216
2025-01-01,C,Mackerel,316
2025-01-08,C,Mackerel,301
2025-01-15,C,Mackerel,331
2025-01-22,C,Mackerel,344
2025-01-29,C,Mackerel,336
2025-02-05,C,Mackerel,324
2025-02-12,C,Mackerel,337
2025-02-19,C,Mackerel,275
2025-02-26,C,Mackerel,222
2025-03-05,C,Mackerel,225
2025-03-12,C,Mackerel,198
2025-03-19,C,Mackerel,95
2025-03-26,C,Mackerel,123
2025-04-02,C,Mackerel,105
2025-04-09,C,Mackerel,62
2025-04-16,C,Mackerel,107
2025-04-23,C,Mackerel,64
2025-04-30,C,Mackerel,84
2025-05-07,C,Mackerel,94
2025-05-14,C,Mackerel,125
2025-05-21,C,Mackerel,122
2025-05-28,C,Mackerel,144
2025-06-04,C,Mackerel,269
2025-06-11,C,Mackerel,228
2025-06-18,C,Mackerel,253
2025-06-25,C,Mackerel,242
2025-01-01,C,Skipjack_Tuna,324
2025-01-08,C,Skipjack_Tuna,308
2025-01-15,C,Skipjack_Tuna,392
2025-01-22,C,Skipjack_Tuna,359
2025-01-29,C,Skipjack_Tuna,287
2025-02-05,C,Skipjack_Tuna,346
2025-02-12,C,Skipjack_Tuna,275
2025-02-19,C,Skipjack_Tuna,199
2025-02-26,C,Skipjack_Tuna,97
2025-03-05,C,Skipjack_Tuna,205
2025-03-12,C,Skipjack_Tuna,64
2025-03-19,C,Skipjack_Tuna,31
2025-03-26,C,Skipjack_Tuna,93
2025-04-02,C,Skipjack_Tuna,127
2025-04-09,C,Skipjack_Tuna,95
2025-04-16,C,Skipjack_Tuna,80
2025-04-23,C,Skipjack_Tuna,99
2025-04-30,C,Skipjack_Tuna,132
2025-05-07,C,Skipjack_Tuna,160
2025-05-14,C,Skipjack_Tuna,181
2025-05-21,C,Skipjack_Tuna,213
2025-05-28,C,Skipjack_Tuna,244
2025-06-04,C,Skipjack_Tuna,257
2025-06-11,C,Skipjack_Tuna,300
2025-06-18,C,Skipjack_Tuna,279
2025-06-25,C,Skipjack_Tuna,340
2025-01-01,D,Sardine,220
2025-01-08,D,Sardine,240
2025-01-15,D,Sardine,297
2025-01-22,D,Sardine,347
2025-01-29,D,Sardine,339
2025-02-05,D,Sardine,263
2025-02-12,D,Sardine,273
2025-02-19,D,Sardine,317
2025-02-26,D,Sardine,240
2025-03-05,D,Sardine,238
2025-03-12,D,Sardine,235
2025-03-19,D,Sardine,161
2025-03-26,D,Sardine,166
2025-04-02,D,Sardine,98
2025-04-09,D,Sardine,99
2025-04-16,D,Sardine,110
2025-04-23,D,Sardine,43
2025-04-30,D,Sardine,101
2025-05-07,D,Sardine,92
2025-05-14,D,Sardine,120
2025-05-21,D,Sardine,127
2025-05-28,D,Sardine,183
2025-06-04,D,Sardine,172
2025-06-11,D,Sardine,183
2025-06-18,D,Sardine,227
2025-06-25,D,Sardine,266
2025-01-01,D,Mackerel,308
2025-01-08,D,Mackerel,325
2025-01-15,D,Mackerel,312
2025-01-22,D,Mackerel,314
2025-01-29,D,Mackerel,285
2025-02-05,D,Mackerel,364
2025-02-12,D,Mackerel,252
2025-02-19,D,Mackerel,240
2025-02-26,D,Mackerel,208
2025-03-05,D,Mackerel,223
2025-03-12,D,Mackerel,154
2025-03-19,D,Mackerel,169
2025-03-26,D,Mackerel,85
2025-04-02,D,Mackerel,92
2025-04-09,D,Mackerel,46
2025-04-16,D,Mackerel,130
2025-04-23,D,Mackerel,33
2025-04-30,D,Mackerel,89
2025-05-07,D,Mackerel,118
2025-05-14,D,Mackerel,137
2025-05-21,D,Mackerel,149
2025-05-28,D,Mackerel,183
2025-06-04,D,Mackerel,222
2025-06-11,D,Mackerel,249
2025-06-18,D,Mackerel,312
2025-06-25,D,Mackerel,373
2025-01-01,D,Skipjack_Tuna,326
2025-01-08,D,Skipjack_Tuna,307
2025-01-15,D,Skipjack_Tuna,340
2025-01-22,D,Skipjack_Tuna,407
2025-01-29,D,Skipjack_Tuna,283
2025-02-05,D,Skipjack_Tuna,328
2025-02-12,D,Skipjack_Tuna,295
2025-02-19,D,Skipjack_Tuna,192
2025-02-26,D,Skipjack_Tuna,189
2025-03-05,D,Skipjack_Tuna,185
2025-03-12,D,Skipjack_Tuna,94
2025-03-19,D,Skipjack_Tuna,74
2025-03-26,D,Skipjack_Tuna,45
2025-04-02,D,Skipjack_Tuna,23
2025-04-09,D,Skipjack_Tuna,34
2025-04-16,D,Skipjack_Tuna,26
2025-04-23,D,Skipjack_Tuna,82
2025-04-30,D,Skipjack_Tuna,83
2025-05-07,D,Skipjack_Tuna,145
2025-05-14,D,Skipjack_Tuna,126
2025-05-21,D,Skipjack_Tuna,220
2025-05-28,D,Skipjack_Tuna,271
2025-06-04,D,Skipjack_Tuna,220
2025-06-11,D,Skipjack_Tuna,319
2025-06-18,D,Skipjack_Tuna,367
2025-06-25,D,Skipjack_Tuna,307
